"id","PlantID","Latitude","Longitude","Year","StationName","Distance"
"USC00318694","000030",36.403181,-81.463159,2005,"TRANSOU",14.1317108579604
"CA006055210","1222154",46.078649,-83.665531,1990,"MISSISSAGI ONT HYDRO",45.0110698164669
"USW00014858","1222174",47.478326,-87.951748,1949,"HANCOCK HOUGHTON CO AP",52.8950727714577
"USW00004780","1583478",42.4743,-71.8993,2018,"FITCHBURG MUNI AP",14.7222491846637
"USC00214778","305878",45.195573,-94.073843,1972,"LITCHFIELD",36.9038105061744
"USC00151890","31234100765245",37.716122,-84.295659,2015,"CRAB ORCHARD 6 N",28.0474764976157
"USC00302964","3529050",40.862289,-73.877023,1910,"FT SCHUYLER",9.48507776238249
"USC00309117","3529244",40.859803,-73.451896,1984,"WESTBURY",18.7961673935247
"USW00014767","CM080487",40.164148,-75.822662,1938,"READING WB CITY",22.4322954154562
"KG000036982","CM394171",40.1525,79.0915,1994,"TIAN-SHAN",205.457848731816
"KG000036953","CM487595",42.2658,79.1835,1998,"NARYNKOL",95.9153783952793
"KG000036982","CM513285",40.1859,80.3024,2006,"TIAN-SHAN",256.378657009451
"USW00014835","collector: Richard M. Hull",40.408445,-87.070978,2021,"LAFAYETTE PURDUE UNIV AP",10.4627481958065
"USC00287850","PH00055239",39.691074,-75.318015,1934,"SALEM",18.2636925843336
"USW00054786","PH00388901",40.20465,-75.187484,2011,"DOYLESTOWN AP",15.010883406748
"USC00122309","sec ID: 9727",38.406476,-86.612361,2021,"DUBOIS S IN FORAGE FM",9.27991283895696
"USC00305816","v0394260WIS",40.565104,-74.337371,1891,"NEW YORK WB CITY",30.9393248372168
"USC00203429","GVSC001248",43.19893,-85.618978,1971,"GREENVILLE 2 NNE",30.5429214152464
"USC00227444","MISSA002797",31.335041,-89.287018,1972,"RICHTON 1 N",33.8646661094925
"USC00368905","PH00055289_1",41.605164,-76.644331,1941,"TOWANDA 1 S",23.2943955470025
"USC00362721","PH00055310_1",40.200802,-78.556128,1939,"EVERETT",27.1842810102534
"USW00014736","PH00055315",40.136866,-78.269399,1962,"ALTOONA BLAIR CO AP",18.5789535339514
"USC00473698","v0018518WIS",45.08154222,-91.25779244,1959,"HOLCOMBE",18.8380045965825
"USC00474894","v0389900WIS",45.9052,-92.55425,2018,"LUCK",37.2914864811527
"USC00134381","3529144",40.2564,-91.5342,2011,"KEOKUK LOCK DAM 19",20.6279368774816
"CHM00052267","491066",43.8218,102.8562,1967,"EJIN QI",254.090808130387
"USC00281582","CHRB0088524",41.032739,-74.639426,2020,"CHARLOTTEBURG RSVR",18.0137707237455
"USC00281582","CHRB0088525",40.9448,-74.6198,2020,"CHARLOTTEBURG RSVR",18.9188471233887
"USC00283706","CHRB0088526",41.0348,-74.493,2020,"HIGHLAND LAKES 1SW",14.5632910155357
"USC00115825","Collector: F. M. Witt",41.28781,-88.285618,1972,"MORRIS 1NW",15.4419299572471
"USC00205642","Collector: E. B. Uline",41.683381,-86.250007,1891,"MOTTVILLE",47.4398637206874
"USC00336781","MDKY00007738",38.929,-83.1551,1998,"PORTSMOUTH-SCIOTOVILLE",30.0754537328608
"USC00111436","USCH0057370",39.316326,-87.9094,2012,"CHARLESTON",28.269323681985
"USC00477725","11240",43.6726,-87.7153,2003,"SHEBOYGAN",8.60722289341033
"CHM00051656","MSC0204917",42.4551,84.22209,2010,"KORLA",176.065113804192
"CHM00051431","MSC0243089",43.36,83.43,1979,"YINING",181.005258761057
"USC00285503","DES00018146",41.153428,-74.043,1979,"MIDLAND PARK",19.7027656616291
"USC00255805","KHD00001818",40.477368,-95.731373,1932,"NEBRASKA CITY 1 NW",26.2481907593425
"USW00014853","EMC008604",42.257394,-83.612376,1967,"DETROIT WILLOW RUN AP",7.44158822302428
"USC00203712","MSC0163065",42.42508,-84.28393,2011,"HELL",24.4905136525228
"USC00272136","11542",42.8667,-71.95,1931,"DUBLIN",11.013418917519
"USC00474457","266648",42.4979,-88.3137,2009,"LAKE GENEVA WWTP",14.6282156715526
"USC00272136","22370",42.8667,-71.95,1910,"DUBLIN",11.013418917519
"USC00305925","73619",43.7312,-73.8193,1923,"N CREEK 5 SE",9.98396393556879
"UK000056225","85505",40.6259,-75.3705,1840,"OXFORD",5582.05874790668
"USC00362108","111301",40.1126,-79.3825,1967,"DERRY 4 SW",21.2526805746582
"USC00215012","130501",47.1667,-96.25,1977,"MAHNOMEN",26.9867774105547
"USW00003728","267227",30.9997,-76.4811,2010,"MCCLELLANVILLE 7 NE",362.053550397798
"USC00472678","269162",44.45,-91.3,1976,"FAIRCHILD RS",31.2465975421791
"USC00188380","272322",38.4558,-75.2061,2013,"SNOW HILL 4 N",28.9956685306763
"USC00368449","PH00055280",40.971463,-77.89595,1941,"STATE COLLEGE",19.9577181887318
"USC00361324","PH00055282",40.876981,-77.788272,1939,"CENTRE HALL",9.3233517403944
"KZ000036870","PH00055283",40.540844,78.465189,1950,"ALMATY",325.106336185003
"USC00365534","PH00055284",40.260079,-78.076394,1948,"MC CONNELLSTOWN 4 NW",27.109954455088
"USC00365534","PH00055285",40.33397,-78.018442,1947,"MC CONNELLSTOWN 4 NW",20.8658301556376
"USC00363218","PH00055288",39.942351,-77.07502,1941,"GETTYSBURG",18.1495989054415
"USC00368905","PH00055289_2",41.605164,-76.644331,1941,"TOWANDA 1 S",23.2943955470025
"USC00368905","PH00055290",41.964148,-76.516091,1956,"TOWANDA 1 S",24.4489532085048
"USC00368905","PH00055291",41.668698,-76.730475,1959,"TOWANDA 1 S",25.5540478589779
"USC00360763","PH00055293",40.128422,-77.407208,1949,"BLOSERVILLE 1 N",15.4746446458846
"USC00363711","PH00055295",40.364161,-76.930148,1940,"HARRISBURG - COOP",11.542150430323
"USC00366297","PH00055296",40.548967,-76.853875,1952,"NEWPORT RIVER",24.5815562107873
"USC00367931","PH00055297",40.567865,-76.76516,1952,"SELINSGROVE 2 S",25.2798788175106
"USC00369950","PH00055299",40.213424,-76.640337,1959,"YORK HAVEN",12.6396010390825
"USW00014751","PH00055300",40.206598,-76.772028,1959,"HARRISBURG CAPITAL CITY AP",7.18973871677878
"USC00369738","PH00055301",40.645823,-76.961522,1939,"WILLIAMSTOWN",30.4015131157185
"USC00364758","PH00055302",40.247593,-76.46941,1908,"LANCASTER 2 NE PUMP ST",27.0731867173161
"USC00366028","PH00055303",40.34398,-76.446629,1954,"MT GRETNA 2 SE",12.3588729585281
"USC00366297","PH00055306",40.347438,-77.207022,1952,"NEWPORT RIVER",15.9663546324686
"USC00366198","PH00055307",40.701473,-77.332096,1939,"NEW BLOOMFIELD",33.6804244502264
"USC00362942","PH00055308",40.847162,-79.642719,1947,"FORD CITY 4 S DAM",18.2949554183939
"USC00362721","PH00055310_2",40.200802,-78.556128,1939,"EVERETT",27.1842810102534
"USC00362721","PH00055313",39.828821,-78.495855,1947,"EVERETT",23.1653794097569
"USC00188855","PH00055314",39.72529,-78.438903,1947,"TONOLOWAY",17.42587690677
"USC00366233","PH00055316",41.060573,-80.040521,1946,"NEW CASTLE 1 N",27.3409453799236
"USC00360355","PH00055317",40.861174,-79.914494,1951,"BAKERSTOWN 3 WNW",24.1861130008645
"USC00369738","PH00055318",40.64681,-76.966308,1939,"WILLIAMSTOWN",30.8193162243876
"USC00365104","PH00055319",40.824871,-77.205261,1939,"LOCK HAVEN",38.6166048206463
"USC00369407","PH00055322",41.766504,-77.557484,1949,"WELLSBORO",20.5329937190984
"USC00364873","PH00055323",41.783963,-76.998298,1959,"LAWRENCEVILLE 2 S",23.1908806094631
"USC00367931","PH00055324",41.037422,-76.861329,1939,"SELINSGROVE 2 S",28.2793333193876
"USC00361675","PH00055328",39.855465,-76.607188,1947,"COLUMBIA",21.7835458421311
"USC00361485","PH00055329",41.018357,-79.38465,1948,"CLARION 3 SW",19.8052870032295
"USC00363028","PH00055330",41.273687,-79.538305,1941,"FRANKLIN",28.1734089290966
"USC00362363","PH00055331",41.119207,-79.458061,1952,"EAST BRADY",20.1329753705622
"USW00014746","PH00055333",41.163695,-78.668638,1952,"CURWENSVILLE WB AP",14.5240974457813
"USC00363028","PH00055335",41.56941,-79.979323,1952,"FRANKLIN",22.5182801751443
"USC00367734","PH00055337",42.024104,-80.370517,1919,"SAEGERSTOWN",40.1258635380436
"USW00014741","PH00055338",40.964576,-78.878766,1947,"BROOKVILLE FAA AP",27.7345238400766
"USC00280729","PH00057284",40.653279,-75.120643,1948,"BELVIDERE",20.2631298435825
"USC00360134","PH00058482",40.658905,-78.49252,1950,"ALTOONA HORSESHOE CURV",17.6865784130205
"USC00363526","PH00058483",41.320371,-80.33863,1955,"GREENVILLE 2 NE",10.9644310862237
"USC00365652","PH00058484",41.334177,-80.082282,1954,"MERCER 4 NW",17.7175994348362
"USC00365606","PH00058485",41.475843,-80.021284,1947,"MEADVILLE 1 S",21.2827514145209
"USC00360868","PH00058487",41.989304,-78.57356,1950,"BRADFORD 4SW RSCH 5",15.4445718612774
"USC00300766","PH00058488",41.998397,-78.27084,1950,"BOLIVAR",14.7895433513985
"USC00361804","PH00059985",41.562662,-78.303702,1950,"COUDERSPORT 1 NNE",34.2072619303252
"USW00054786","PH00060318",40.204599,-75.187466,2009,"DOYLESTOWN AP",15.0156045264338
"USW00054786","PH00060319",40.204599,-75.187466,2009,"DOYLESTOWN AP",15.0156045264338
"USC00367322","PH00388837",40.64441,-75.997268,1986,"READING 4 NNW",24.8088495649391
"USC00368596","PH00388840",40.917238,-75.111565,2011,"E STROUDSBURG",13.4879421900455
"USC00368400","PH00388847",40.644407,-75.198585,2011,"SPRINGTOWN 1 NNE",10.5594342158362
"PO000008506","PH00388848",40.644407,-40.644407,2011,"HORTA (AZORES)",1055.45142627813
"USW00014712","PH00388850",40.184817,-75.797855,2011,"READING RGNL AP",25.0317421019403
"USW00014712","PH00388851",40.184817,-75.797855,2011,"READING RGNL AP",25.0317421019403
"USW00014712","PH00388852",40.184817,-75.797855,2011,"READING RGNL AP",25.0317421019403
"USW00014712","PH00388853",40.208537,-75.783608,2011,"READING RGNL AP",23.6104761792403
"USW00054786","PH00388859",40.468294,-75.12063,2011,"DOYLESTOWN AP",15.3453329553788
"USC00367938","PH00388865",40.31789,-75.207663,2011,"SELLERSVILLE",9.85743208737927
"USC00367938","PH00388866",40.31789,-75.207663,2011,"SELLERSVILLE",9.85743208737927
"USC00367938","PH00388867",40.31789,-75.207663,2011,"SELLERSVILLE",9.85743208737927
"USC00367938","PH00388868",40.3504,-75.166662,2011,"SELLERSVILLE",12.4208872521993
"USC00367938","PH00388869",40.3504,-75.166662,2011,"SELLERSVILLE",12.4208872521993
"USC00135493","PH00767103",43.208315,-94.970099,1942,"MILFORD 4 NW",26.0128118807203
"USC00254812","PH00767106",40.626394,-96.963084,1928,"LINCOLN UNIV FARM",30.0701384795147
"USW00014838","PH00767107",41.281943,-96.235301,1868,"MARQUETTE",918.693113605894
"USC00440765","PH00767110",36.686686,-80.284492,1893,"BLACKSBURG",63.7293527273136
"USC00217277","PH00767117",44.057859,-91.662661,1901,"ST CHARLES",34.4694400936928
"USC00327704","PH00767118",48.288888,-99.437635,1909,"RUGBY",41.6639002344348
"USC00274556","PH00767122",44.387839,-71.173131,1908,"LANCASTER",34.2140584439613
"USC00193505","PH00767124",42.658425,-71.137001,1901,"HAVERHILL",12.8585112548731
"USC00194525","PH00767126",41.635571,-70.316616,1927,"MARSTON MILLS",11.051260365824
"USW00014757","01527289",41.710289,-73.938028,2011,"POUGHKEEPSIE AP",10.4953570389434
"USC00309292","3529196",42.211305,-74.137902,1891,"W PT",92.4314031015961
"USC00305816","3529034",40.55493,-74.286308,1891,"NEW YORK WB CITY",27.8909050505263
"USC00307282","3529165",40.86069,-73.448025,1919,"ROSLYN",16.9862661283374
"USC00281335","3529166",40.642048,-74.441201,1940,"CANOE BROOK",13.4790634619191
"USW00013752","3529053",38.96944,-76.24281,2010,"ANNAPOLIS US NAVAL ACADEMY ASO",21.4371245354506
"USC00368905","PAC0055176",41.605164,-76.644331,1941,"TOWANDA 1 S",23.2943955470025
"USC00367477","PAC0055177",41.424098,-78.402093,1949,"RIDGWAY",28.946044144023
"CA006158350","PAC0055189",41.138604,-77.423401,1851,"TORONTO",324.573071345371
"USW00014751","PAC0055190",40.261278,-77.02816,1950,"HARRISBURG CAPITAL CITY AP",15.4310761998456
"USW00014751","PAC0055191",40.155026,-76.98701,1950,"HARRISBURG CAPITAL CITY AP",13.2166992476847
"USC00366174","PAC0055205",40.502292,-78.083624,1953,"NEFFS MILLS 3 NE",23.0848224375533
"USC00362459","PAC0055206",40.276356,-77.747329,1953,"EAST WATERFORD 3 E",18.6276573382386
"USW00014736","PAC0055207",40.199024,-78.014474,1953,"ALTOONA BLAIR CO AP",27.9992429811031
"USC00366225","PAC0055208",40.096587,-77.863491,1953,"NEWBURG 3 W",21.8080403444329
"USW00014736","PAC0055209",40.349044,-78.017949,1957,"ALTOONA BLAIR CO AP",25.9068056331541
"USW00014860","PAC0055212",41.970611,-80.365322,1952,"ERIE INTL AP",19.4309046066717
"USW00014741","PAC0055213",41.092528,-78.828085,1947,"BROOKVILLE FAA AP",23.656556448093
"USC00364992","PAC0055216",40.380705,-77.679967,1955,"LEWISTOWN",24.7163645239906
"USC00364992","PAC0055219",40.758948,-77.355822,1955,"LEWISTOWN",26.3049396511297
"USC00362459","PAC0055220",40.413452,-77.817654,1955,"EAST WATERFORD 3 E",23.7433935399152
"USC00306774","PAC0055223",41.349344,-74.719912,1963,"PORT JERVIS",5.06199219811545
"USC00361806","PAC0055224",41.697563,-78.189016,1975,"COUDERSPORT 4 NW",18.1857067188092
"USC00366198","PAC0055225",40.699883,-77.330038,1939,"NEW BLOOMFIELD",33.4528044728366
"USC00368249","PAC0055227",40.198936,-78.937478,1956,"SOMERSET MAIN STREET",23.7574316402989
"USC00182280","PAC0055228",39.834076,-78.774626,1952,"CUMBERLAND",20.5763299118863
"USC00369408","PAC0055229",41.933883,-77.485651,1956,"WELLSBORO 4 SW",27.2245127008848
"USC00368888","PAC0055230",41.445633,-79.800091,1964,"TITUSVILLE WTR WKS",22.4634229821596
"USC00280690","PAC0055381",38.938318,-74.897079,1932,"BELLEPLAIN STN FOREST",34.7817926398082
"USC00256200","AUGIE-01092",41.852713,-101.046886,1893,"OGALLALA",98.2425876919146
"USC00307742","3529047",41.270927,-73.777634,1964,"SHRUB OAK",8.44902446386651
"USC00390559","BHSC0011499",44.53951,-103.85984,1982,"BELLE FOURCHE",14.6818118794818
"USC00392207","BHSC0015456",44.49721,-103.87104,1986,"DEADWOOD",17.6590757145053
"USC00394834","BHSC0017281",44.4383,-103.98086,1990,"LEAD",21.075441983608
"USC00390559","BHSC0021515",44.51041,-103.85983,1994,"BELLE FOURCHE",17.9146141127508
"USC00390559","BHSC0025207",44.49614,-103.92061,1994,"BELLE FOURCHE",20.2506015332857
"USC00390559","BHSC0025270",44.51041,-103.85983,1994,"BELLE FOURCHE",17.9146141127508
"USC00390559","BHSC0025697",44.51041,-103.85983,1994,"BELLE FOURCHE",17.9146141127508
"USC00392207","BHSC0030100",44.40951,-103.69941,2002,"DEADWOOD",4.73339797739114
"USC00123650","94d9dc58-5975-494c-aaca-16a25297fc15",41.4333,-87.9667,1904,"HAMMOND",41.6011171526712
"USW00094728","56f6f04c-5489-4b4b-aaf9-4908ac34fc3d",41.562321,-72.650649,1883,"NY CITY CNTRL PARK",140.599829789405
"USC00255960","BHSC0040177",42.873644,-98.267157,1966,"NIOBRARA",22.8272606233869
"USC00218986","v0363199WIS",45.70873,-92.70809,2018,"WILD RVR SP",20.8837335094992
"USC00211691","950839",45.791389,-94.808333,1927,"COLLEGEVILLE ST JOHN'S",40.025955588597
"USC00392984","553755",43.979723,-96.367859,1954,"FLANDREAU",19.6877673822167
"USC00215598","691240",46.194764,-93.022397,1977,"MOOSE LAKE 1 SSE",33.8120709177754
"USC00210934","373785",46.547376,-93.745854,1941,"BRAINERD",39.0701977094319
"USW00054936","686103",45.868856,-94.31068,1900,"ST CLOUD STATE CLG",38.0363488671193
"USC00478349","360300",46.75262,-92.15274,1940,"SUPERIOR",6.79177772434032
"USC00219168","753784",43.927816,-95.713386,1983,"WORTHINGTON RAD KWOA",33.1244974083675
"USW00014936","753797",43.580108,-95.743853,1887,"HURON RGNL AP",217.331749683365
"USC00210190","938553",45.388633,-93.183013,2013,"ANDOVER 1N",17.3243272228539
"USC00210190","938545",45.38985,-93.172055,2013,"ANDOVER 1N",17.8791412274265
"USC00210190","938546",45.388256,-93.177326,2013,"ANDOVER 1N",17.5129640024359
"USC00212768","708092",46.420332,-96.333183,1979,"FERGUS FALLS",21.8789554031498
"USC00472556","728959",44.550842,-92.383156,1979,"ELLSWORTH 1E",20.8284357178561
"USC00213174","369423",45.926316,-95.491987,1941,"GLENWOOD 2WNW",30.0817261194258
"USC00213962","271254",45.12722,-94.52778,1900,"HUTCHINSON 1 N",27.3504029053627
"USC00132110","174085",43.543923,-91.6707,1902,"DECORAH",28.4920504745798
"USW00014925","792126",43.8675003,-92.8486099,1985,"ROCHESTER INTL AP",28.8721233327286
"USC00473038","747256",43.623103,-91.382423,1982,"GENOA DAM 8",13.6356887563794
"USC00218227","782665",44.042035,-92.049333,1982,"THEILMAN 1SSW",28.9922804257909
"USC00219072","441939",43.97822,-92.06457,1945,"WINONA DAM 5 A",33.780157164013
"USC00217277","264223",44.052588,-91.672687,1901,"ST CHARLES",33.5161300235902
"USC00214077","937678",47.656389,-91.460556,2012,"ISABELLA 14W",15.9302830498875
"USC00216148","910089",47.6094444,-96.0797222,1994,"OKLEE",30.2471792203811
"USC00215204","792216",44.378119,-95.968102,1985,"MARSHALL",17.5397263888749
"USC00212253","532668",46.659942,-92.226304,1956,"DULUTH WB CITY",16.7585453825337
"USW00014920","681565",43.725044,-91.265964,1975,"LA CROSSE MUNI AP",17.1724255350468
"USW00014922","370642",44.674061,-93.217345,1940,"MINNEAPOLIS-ST PAUL INTL AP",23.5148866883163
"USC00219033","444835",44.123013,-95.102214,1945,"WINDOM",27.3880844324671
"USC00473038","385937",43.638172,-91.462184,1945,"GENOA DAM 8",20.1932992205207
"USC00213104","727133",47.056714,-96.417356,1979,"GEORGETOWN 1 E",27.2627939596496
"USC00215012","727112",47.187516,-96.353808,1979,"MAHNOMEN",32.3981946959331
"USC00218025","914305",44.5791667,-94.3341667,1993,"STEWART",17.2737355870057
"USC00215615","922210",45.6658333,-93.3072222,1993,"MORA",23.5434080591112
"USC00215638","174078",44.24108,-96.26172,1891,"MORRIS W CNTRL RSCH & OUTREACH",153.061774093762
"USC00218254","907684",48.1969444,-94.8097222,2008,"THORHULT",32.4799787087806
"USR0000MELY","898017",47.812337,-91.62893,2004,"ELY MINNESOTA",19.4186079631166
"USC00210075","460821",43.7155571,-93.0866699,1989,"ALBERT LEA 3SE",21.1444228846211
"USW00054936","372997",45.282397,-94.07601,1941,"ST CLOUD STATE CLG",30.0902151653093
"USC00215012","720156",47.51564,-96.31032,1979,"MAHNOMEN",33.8692634625653
"USC00213587","743909",46.8693271,-96.4734276,1980,"HAWLEY 3 NE",17.0536811160809
"USC00217460","526147",46.925498,-92.906037,1955,"SANDY LAKE DAM LIBBY",34.7205864834062
"USC00215887","448552",44.047954,-94.288549,1945,"NEW ULM 2 SE",32.3506081069217
"USC00212881","574976",45.428063,-93.203997,1960,"FOREST LAKE 5NE",26.1701645789455
"USC00216007","710029",44.274575,-93.998474,1979,"NORTH MANKATO",12.3120131179306
"USW00014924","566434",48.79262,-96.99863,1958,"PEMBINA",26.6417543377716
"USC00219046","554327",43.652162,-94.401026,1957,"WINNEBAGO",22.6041833968116
"USC00216152","922618",44.7913889,-95.2602778,1993,"OLIVIA 3E",26.2860749403841
"USC00212500","478913",45.515,-93.71028,2001,"ELK RVR",25.3035074374443
"USC00216654","478414",43.5558333,-92.3869444,1990,"PRESTON",28.2873730434412
"USC00218808","453695",43.506845,-93.65853,1999,"WELLS",27.4027427553972
"USC00131954","441095",43.536578,-92.519043,1994,"CRESCO 1 NE",38.0151065966452
"USC00448035","174033",38.665397,-78.459452,1901,"STANNARDSVILLE",37.0957046534537
"USC00305816","764562",40.565104,-74.337371,1891,"NEW YORK WB CITY",30.9393248372168
"USC00211198","699490",43.672965,-91.25917,1975,"CALEDONIA",20.1541273552411
"USC00303177","174026",42.887535,-77.281698,1893,"GENEVA EXP STN",22.9559716983817
"USC00307633","242485",40.816765,-73.06622,1915,"SETAUKET STRONG",16.0996400433174
"CA006026852","575694",48.729348,-94.598901,1961,"RAINY RIVER",5.013482136405
"USC00390296","276587",43.391517,-97.989691,1922,"ARMOUR",30.3012417999121
"USC00132689","424338",43.193619,-94.939817,1944,"EMMETSBURG",23.145771345285
"USC00135584","379360",41.348354,-95.95163,1942,"MISSOURI VALLEY 1 NNE",25.7265436516795
"USC00473979","404868",42.544567,-89.031777,1935,"JANESVILLE",13.636513433781
"USC00440765","174029",36.636399,-80.269396,1893,"BLACKSBURG",69.4738024180831
"USC00194340","525109",42.123705,-72.431473,1885,"LUDLOW CENTER",9.49840353155455
"USC00190562","643852",42.370997,-72.549243,1973,"BELCHERTOWN",19.3895168995713
"USC00478027","950418",45.694397,-91.706836,1969,"SPOONER AG RES STN",19.463575157242
"CA006136335","619040",41.65,-82.8167,1961,"PELEE ISLAND",15.6940343701066
"USC00205662","738953",43.386473,-84.835971,1949,"CENTRAL MICHIGAN UNIV",22.8055705131057
"USC00470175","524511",45.409962,-92.639651,1928,"AMERY",24.76840873578
"USC00329100","17423",46.054959,-96.602294,1912,"WAHPETON 3 N",29.8453411559302
"USC00470175","524764",45.4,-92.6333,1928,"AMERY",23.806750511137
"USC00216839","960996",44.50416,-94.8996,2016,"REDWOOD FALLS",16.6145721126671
"USC00211891","962645",47.77,-96.34,2015,"CROOKSTON NW EXP STN",21.1619909497147
"USC00210059","817678",46.688685,-93.516311,1991,"AITKIN 2E",21.4809699797734
"USC00210939","833255",46.318701,-94.548814,1992,"BRAINERD",26.2641295108529
"USC00131954","833450",43.623411,-92.219152,1991,"CRESCO 1 NE",27.9127858902447
"USC00210059","429423",46.439813,-93.525896,1991,"AITKIN 2E",14.455724113393
"USC00211691","434984",45.933896,-94.251564,1999,"COLLEGEVILLE ST JOHN'S",40.8940911325198
"USC00219173","839353",46.845996,-93.17745,1995,"WRIGHT 3 E",25.0725687450474
"USC00445096","438859",38.493667,-78.450833,2004,"LURAY 5 E",20.3381299835583
"USC00111436","EIU078004",39.316326,-87.9094,2012,"CHARLESTON",28.269323681985
"USC00478164","v0415361WIS",43.280556,-90.868611,2019,"STEUBEN 4 SE",16.4719634021978
"USC00476827","v0415430WIS",43.028056,-91.133333,2019,"PRAIRIE DU CHIEN",2.59926740583031
"USC00188557","4199300",38.99978,-76.48103,2010,"STEVENSVILLE 2SW",12.7367632529576
"USW00014853","1476067",42.300243,-83.662835,1961,"DETROIT WILLOW RUN AP",13.2648830928083
"USW00014853","1476077",42.300243,-83.662835,1961,"DETROIT WILLOW RUN AP",13.2648830928083
"USC00205065","1479048",44.0408833,-86.5100833,2009,"MANISTEE 3SE",25.6366779854776
"USC00201361","1481173",43.689459,-83.496847,1995,"CASS CITY 1 SSW",27.9316473696417
"USC00203661","1483575",42.900302,-85.07111,2005,"HASTINGS",33.7533987827179
"USW00094814","1559326",44.314,-84.4075,1985,"HOUGHTON LAKE ROSCOMMON CO AP",21.7752268390199
"USC00205452","1560174",42.4457,-84.01614,1961,"MILFORD GM PROVING GROUND",30.9898933283132
"USR0000NBES","CSCN-V-0003380",41.779411,-100.5304641,1987,"BESSY NEBRASKA",22.4405176160946
"USC00147551","CSCN-V-0003369",38.683333,-97.887222,2003,"SMOLAN 1NE",20.1645198959377
"USC00301101","PH00055263",41.881197,-75.35601,1953,"CALLICOON",28.3733861959099
"USC00286864","PH00060325",40.025731,-75.016012,2009,"PENNSAUKEN 1N",6.64960808764762
"USC00286864","PH00060326",40.025731,-75.016012,2009,"PENNSAUKEN 1N",6.64960808764762
"USW00014793","PH00060327",40.090878,-75.223367,2009,"WILLOW GROVE NAS",13.6425135366142
"USW00014793","PH00060328",40.090878,-75.223367,2009,"WILLOW GROVE NAS",13.6425135366142
"USC00368400","PH00071907",40.563671,-75.185891,2009,"SPRINGTOWN 1 NNE",7.83242012150947
"USC00368400","PH00071908",40.494044,-75.118853,2009,"SPRINGTOWN 1 NNE",15.9543360549179
"USW00054786","PH00071909",40.444009,-75.111854,2009,"DOYLESTOWN AP",12.6778058992213
"USC00368400","PH00071910",40.488363,-75.195251,2009,"SPRINGTOWN 1 NNE",11.5614646535772
"USC00368400","PH00071911",40.488363,-75.195251,2009,"SPRINGTOWN 1 NNE",11.5614646535772
"USC00367938","PH00071912",40.457317,-75.247691,2009,"SELLERSVILLE",12.6235298715357
"USC00367938","PH00071913",40.457317,-75.247691,2009,"SELLERSVILLE",12.6235298715357
"USC00367938","PH00071914",40.31662,-75.20824,2009,"SELLERSVILLE",9.87388198893097
"USW00054786","PH00071919",40.247267,-75.193595,2009,"DOYLESTOWN AP",11.0137441555919
"USW00054786","PH00071920",40.247267,-75.193595,2009,"DOYLESTOWN AP",11.0137441555919
"USW00054786","PH00071921",40.247267,-75.193595,2009,"DOYLESTOWN AP",11.0137441555919
"USC00126001","IND-0158842",37.829112,-87.984109,2021,"MT VERNON",13.5175863169287
"USC00126001","IND-0158872",37.855229,-88.02281,2021,"MT VERNON",13.826467952099
"USC00126001","IND-0158873",37.855229,-88.02281,2021,"MT VERNON",13.826467952099
"USW00093817","IND-0158979",38.349033,-87.78123,2021,"EVANSVILLE RGNL AP",40.5690319307571
"CA005011051","28901",49.701,-99.097,1974,"GLENBORO",22.6409367123462
"CA005021920","32294",49.44027778,-96.98444444,1958,"MORRIS",29.4288030281887
"CA005023222","58599",49.76666667,-97.16666667,1995,"WINNIPEG RICHARDSON INT'L A",17.3537428864613
"CA005020880","57659",49.07797778,-96.72455,1995,"EMERSON",34.6565202746792
"CA005023222","20175",50.06222222,-96.51611111,1939,"WINNIPEG RICHARDSON INT'L A",53.764648371545
"CA005023226","74476",49.56616667,-97.01241667,2011,"WINNIPEG RICHARDSON AWOS",42.0853184909265
"USW00094860","MSC0275822",42.90365,-85.35993,2016,"GRAND RAPIDS",15.1141169640739
"USC00446999","251119",37.3255,-80.5939,2015,"RADFORD 3 N",13.8818832660694
"USC00275995","266144",44.0062,-71.27915,2016,"N CONWAY",13.1733211304301
"USW00014835","IND-0159396",40.408445,-87.070978,2021,"LAFAYETTE PURDUE UNIV AP",10.4627481958065
"USC00308317","1725",42.45424,-73.943295,2002,"STUYVESANT 5 N",15.8741402372472
"USC00301095","1722",42.218948,-73.816105,1990,"CAIRO 3 NW",20.9036963062662
"USC00301095","1723",42.224224,-73.880694,1987,"CAIRO 3 NW",16.2171110441858
"USC00192913","968111",41.9560778,-71.4289639,2016,"FOXBORO",20.8380420010027
"USC00476646","v0326267WIS",42.96749,-90.32957,1948,"PLATTEVILLE",26.7156527106855
"USC00132364","v0326270WIS",42.68944,-90.71207,1958,"DUBUQUE L&D 11",17.4718687458674
"USC00211198","v0326264WIS",43.64377333,-91.23816994,1975,"CALEDONIA",21.3447174857458
"USC00475255","v0323495WIS",45.1730556,-90.6377778,2014,"MEDFORD",23.5193844921413
"USC00474937","v0345620WIS",43.1163889,-90.9063889,2017,"LYNXVILLE DAM 9",18.8506635448219
"USC00473650","v0392652WIS",43.564552,-90.675797,2016,"HILLSBORO 2SW",25.1077239885897
"USC00471131","v0418676WIS",46.43885,-91.51226,2021,"BRULE RS",12.5791313380785
"USC00474894","v0363448WIS",45.87436,-92.66515,2018,"LUCK",36.2709237700517
"USC00304849","0000136",43.274169,-78.332781,1965,"LOCKPORT 4 NE",25.703547702953
"USC00119002","430261",38.2946,-90.423,1992,"WATERLOO 6SW",16.7995038487277
"USC00238805","1268429",38.6247223,-90.6938889,1998,"WELDON SPRING NWS",8.304187817847
"USC00111160","1407465",38.6713,-90.1456,1978,"CAHOKIA",12.352758097287
"USC00234705","1459173",37.5241667,-94.5533333,2000,"LAMAR 7N",25.1139976568919
"USC00236826","1543504",38.1666667,-90.7,2000,"POTOSI 4 SW",32.5863772380909
"USC00310506","1560239",36.275,-81.8375,2001,"BANNER ELK",13.0214683514017
"USC00310724","1929764",35.49,-82.6230556,2003,"BENT CREEK",2.87342322217308
"USC00238043","3549984",37.9133333,-90.9144444,1994,"STEELVILLE 2 N",41.2785072481057
"USW00003966","3589056",38.5386111,-90.5013889,2008,"ST LOUIS SPIRIT OF ST LOUIS AP",18.8369265722407
"USC00234226","100230124",37.4445722,-89.4862861,2009,"JACKSON",17.6534368676609
"USC00148250","100506484",40.0681,-94.98,2012,"TROY 3N",28.2163039878415
"USC00238184","100542292",37.1972222,-91.3783334,2005,"SUMMERSVILLE 3 SE",22.9253835326354
"USC00134381","100547876",40.2563889,-91.5341666,2011,"KEOKUK LOCK DAM 19",20.6270188798159
"USW00003966","100715869",38.4744445,-90.8119444,2014,"ST LOUIS SPIRIT OF ST LOUIS AP",24.4666049866696
"USW00003966","100735995",38.5369,-90.8681,2014,"ST LOUIS SPIRIT OF ST LOUIS AP",22.8084754359878
"USC00253652","100762217",42.3725,-97.3511111,2014,"CONCORD",29.8308903214177
"USC00475255","100772072",45.1730556,-90.6377777,2014,"MEDFORD",23.5193768084418
"USC00187806","100781702",38.95125,-76.06925,2010,"ROYAL OAK 2 SSW",28.2700886652276
"USC00187806","100781705",38.6814445,-75.89775,2010,"ROYAL OAK 2 SSW",25.7085372671073
"USC00232031","100986069",38.0222223,-90.4094444,1939,"CRYSTAL CITY",23.5819141548145
"USC00238805","100986111",38.5583333,-90.6083333,1978,"WELDON SPRING NWS",16.9159650451411
"USC00142827","100986719",39.16666,-96.58333,1893,"FT RILEY",19.8448919309783
"CA007020840","101035734",45,-72.2333333,1902,"BROME",33.1703118071011
"USC00435416","101035985",44.5,-72.5,1988,"MT MANSFIELD",25.1514841061927
"USC00305310","101045032",41.5823333,-74.6211667,1999,"MIDDLETOWN 2 NW",19.7437026724291
"USC00188557","101052458",38.9588889,-76.5721945,2010,"STEVENSVILLE 2SW",20.2907322246325
"USC00478164","101268455",43.2944444,-90.8236111,2018,"STEUBEN 4 SE",17.8523612025499
"USC00478164","101330141",43.2805556,-90.8686111,2019,"STEUBEN 4 SE",16.4719207125673
"USC00476827","101330142",43.0280556,-91.1333333,2019,"PRAIRIE DU CHIEN",2.59931055272957
"USC00478164","101365059",43.1655556,-90.7041667,2020,"STEUBEN 4 SE",11.3414354300611
"USC00238700","101898668",36.7569,-90.3928,1982,"WAPPAPELLO DAM",20.8798394616945
"USR0000MSUL","103185416",38.0972667,-91.3623,2015,"SULLIVAN MISSOURI",23.9855585310486
"USW00053879","103201719",39.0244445,-94.3819445,2009,"LEES SUMMIT MUNI AP",7.4695636279388
"USC00466982","WVW023015",39.279167,-79.932778,2009,"PHILIPPI",17.4936158234725
"USC00467649","WVW024385",38.993289,-80.217533,2019,"ROCK CAVE 2 NE",17.1253446078806
"USC00360475","CM549054",41.0579388889,-80.1672222222,2022,"BEAVER FALLS 1 NE",35.0386080087643
"USC00147305","OKLA73445",36.8693,-96.5488,2019,"SEDAN",43.8996234029106
"USC00036920","UAM019460",34.285534,-91.335969,1996,"STUTTGART 9 ESE",22.2847587866182
"USC00442208","JMUH0003422",38.47575,-79.1493,2002,"DALE ENTERPRISE",18.7781524478251
"USC00115413","ANHC000627",40.14869,-90.07542,2008,"MASON CITY 4SE",36.1019238622354
"USC00115413","ANHC000628",40.14869,-90.07542,2008,"MASON CITY 4SE",36.1019238622354
"USC00115413","ANHC000629",40.14869,-90.07542,2008,"MASON CITY 4SE",36.1019238622354
"USC00402934","ETSU005486",36.06227,-82.58173,2009,"ERWIN 1 W",16.5677904821912
"USC00449186","LFCC-0011908",39.025897,-78.273479,1978,"WINCHESTER 7 SE",13.8939951869192
"USC00318694","000028",36.403181,-81.463159,2005,"TRANSOU",14.1317108579604
"USC00310901","000033",36.214573,-81.680385,1999,"BLOWING ROCK 1NW",7.75001808799742
"USC00310901","000037",36.231106,-81.696425,1952,"BLOWING ROCK 1NW",9.34583659207653
"USC00310506","001065",36.08722,-81.9275,2005,"BANNER ELK",9.56585540925357
"USC00310506","001066",36.08722,-81.9275,2005,"BANNER ELK",9.56585540925357
"USC00317615","011187",35.640168,-80.243652,2004,"SALISBURY",22.085555800895
"USR0000NLSP","011189",36.488642,-81.144058,2008,"LAUREL SPRINGS NORTH CAROLINA",15.8833207030351
"USC00388440","UNCC_51070",34.025017,-80.229508,2022,"SUMTER",14.8039723538223
